length,thickness,minR,meanR,maxR,minG,meanG,maxG,minB,meanB,maxB;
17,5,4,37,91,4,37,91,4,37,91;
7,4,1,56,185,1,56,185,1,56,185;
19,5,12,48,99,12,48,99,12,48,99;
27,6,2,36,99,2,36,99,2,36,99;
13,5,5,33,82,5,33,82,5,33,82;
33,5,11,96,168,11,96,168,11,96,168;
21,4,33,103,144,33,103,144,33,103,144;
22,4,6,51,94,6,51,94,6,51,94;
12,6,2,23,68,2,23,68,2,23,68;
29,6,2,54,159,2,54,159,2,54,159;
5,4,1,8,20,1,8,20,1,8,20;
30,5,2,40,110,2,40,110,2,40,110;
15,4,7,34,90,7,34,90,7,34,90;
20,5,4,37,88,4,37,88,4,37,88;
12,5,1,22,74,1,22,74,1,22,74;
28,5,2,33,105,2,33,105,2,33,105;
19,3,23,119,180,23,119,180,23,119,180;
5,4,6,18,50,6,18,50,6,18,50;
16,4,7,36,86,7,36,86,7,36,86;
15,4,7,47,103,7,47,103,7,47,103;
16,5,2,25,76,2,25,76,2,25,76;
18,4,22,56,91,22,56,91,22,56,91;
27,5,1,39,99,1,39,99,1,39,99;
7,3,24,94,192,24,94,192,24,94,192;
18,5,3,25,77,3,25,77,3,25,77;
26,4,2,42,94,2,42,94,2,42,94;
18,5,10,42,104,10,42,104,10,42,104;
32,14,16,61,127,16,61,127,16,61,127;
24,4,4,42,98,4,42,98,4,42,98;
15,4,5,53,109,5,53,109,5,53,109;
6,4,2,12,36,2,12,36,2,12,36;
15,5,1,21,62,1,21,62,1,21,62;
15,4,21,65,119,21,65,119,21,65,119;
26,4,2,72,140,2,72,140,2,72,140;
30,4,1,74,135,1,74,135,1,74,135;
14,4,20,51,94,20,51,94,20,51,94;
17,4,11,60,110,11,60,110,11,60,110;
14,4,1,31,77,1,31,77,1,31,77;
15,5,21,51,116,21,51,116,21,51,116;
14,5,1,21,70,1,21,70,1,21,70;
26,4,6,52,116,6,52,116,6,52,116;
25,5,1,42,96,1,42,96,1,42,96;
19,4,10,43,98,10,43,98,10,43,98;
15,5,7,52,88,7,52,88,7,52,88;
15,4,12,39,93,12,39,93,12,39,93;
5,4,2,11,26,2,11,26,2,11,26;
26,5,2,51,158,2,51,158,2,51,158;
13,5,1,26,74,1,26,74,1,26,74;
17,4,1,22,56,1,22,56,1,22,56;
16,3,13,70,123,13,70,123,13,70,123;
27,5,7,50,122,7,50,122,7,50,122;
19,4,7,46,85,7,46,85,7,46,85;
28,5,1,50,109,1,50,109,1,50,109;
19,5,1,22,77,1,22,77,1,22,77;
16,4,10,60,113,10,60,113,10,60,113;
27,5,4,52,110,4,52,110,4,52,110;
16,4,12,48,99,12,48,99,12,48,99;
19,5,7,52,117,7,52,117,7,52,117;
17,6,1,20,69,1,20,69,1,20,69;
16,3,14,55,105,14,55,105,14,55,105;
25,4,4,45,97,4,45,97,4,45,97;
17,4,5,52,93,5,52,93,5,52,93;
19,7,27,86,171,27,86,171,27,86,171;
14,4,18,56,84,18,56,84,18,56,84;
31,5,1,47,113,1,47,113,1,47,113;
14,4,5,37,71,5,37,71,5,37,71;
14,4,7,39,83,7,39,83,7,39,83;
17,4,10,42,87,10,42,87,10,42,87;
11,6,2,24,80,2,24,80,2,24,80;
10,3,33,72,106,33,72,106,33,72,106;
25,4,6,75,126,6,75,126,6,75,126;
28,4,5,81,151,5,81,151,5,81,151;
14,4,8,35,96,8,35,96,8,35,96;
16,4,6,38,81,6,38,81,6,38,81;
17,4,4,40,89,4,40,89,4,40,89;
16,4,3,33,73,3,33,73,3,33,73;
17,4,14,66,114,14,66,114,14,66,114;
21,4,5,77,123,5,77,123,5,77,123;
14,3,19,80,136,19,80,136,19,80,136;
14,5,4,29,79,4,29,79,4,29,79;
28,5,2,39,90,2,39,90,2,39,90;
16,4,13,58,94,13,58,94,13,58,94;
25,4,2,50,106,2,50,106,2,50,106;
14,6,2,19,63,2,19,63,2,19,63;
15,3,16,54,93,16,54,93,16,54,93;
29,5,1,52,103,1,52,103,1,52,103;
15,3,22,100,173,22,100,173,22,100,173;
15,3,9,50,100,9,50,100,9,50,100;
16,4,6,26,67,6,26,67,6,26,67;
6,5,1,12,40,1,12,40,1,12,40;
17,15,14,53,137,14,53,137,14,53,137;
13,2,14,67,110,14,67,110,14,67,110;
14,4,6,48,89,6,48,89,6,48,89;
14,3,14,61,99,14,61,99,14,61,99;
13,4,23,69,105,23,69,105,23,69,105;
22,4,3,52,117,3,52,117,3,52,117;
18,4,8,44,103,8,44,103,8,44,103;
14,5,27,67,144,27,67,144,27,67,144;
8,2,11,21,35,11,21,35,11,21,35;
11,3,4,24,45,4,24,45,4,24,45;
14,3,16,56,100,16,56,100,16,56,100;
13,3,6,31,81,6,31,81,6,31,81;
12,3,30,66,123,30,66,123,30,66,123;
31,4,8,54,103,8,54,103,8,54,103;
24,3,10,57,109,10,57,109,10,57,109;
13,5,2,16,56,2,16,56,2,16,56;
13,3,12,45,103,12,45,103,12,45,103;
31,4,5,79,157,5,79,157,5,79,157;
13,3,24,54,82,24,54,82,24,54,82;
16,4,40,94,146,40,94,146,40,94,146;
16,4,3,24,59,3,24,59,3,24,59;
16,5,3,27,74,3,27,74,3,27,74;
31,16,5,63,121,5,63,121,5,63,121;
11,5,2,21,51,2,21,51,2,21,51;
14,4,4,28,81,4,28,81,4,28,81;
11,3,18,48,93,18,48,93,18,48,93;
15,3,20,60,113,20,60,113,20,60,113;
22,3,3,58,117,3,58,117,3,58,117;
25,4,2,61,114,2,61,114,2,61,114;
11,2,20,66,107,20,66,107,20,66,107;
11,2,22,87,121,22,87,121,22,87,121;
16,2,26,75,102,26,75,102,26,75,102;
29,4,12,61,117,12,61,117,12,61,117;
11,5,2,25,69,2,25,69,2,25,69;
31,4,7,49,92,7,49,92,7,49,92;
14,5,32,84,145,32,84,145,32,84,145;
11,3,16,56,95,16,56,95,16,56,95;
10,4,9,28,54,9,28,54,9,28,54;
16,5,37,113,186,37,113,186,37,113,186;
11,2,16,61,104,16,61,104,16,61,104;
11,3,11,48,83,11,48,83,11,48,83;
13,3,41,83,112,41,83,112,41,83,112;
31,4,7,75,150,7,75,150,7,75,150;
12,2,48,106,166,48,106,166,48,106,166;
13,2,36,116,163,36,116,163,36,116,163;
24,3,9,86,164,9,86,164,9,86,164;
10,3,32,75,103,32,75,103,32,75,103;
13,3,40,85,116,40,85,116,40,85,116;
12,3,16,52,92,16,52,92,16,52,92;
8,3,34,53,77,34,53,77,34,53,77;
12,3,33,59,96,33,59,96,33,59,96;
31,4,6,65,120,6,65,120,6,65,120;
19,4,9,59,94,9,59,94,9,59,94;
12,3,12,41,81,12,41,81,12,41,81;
12,5,3,25,77,3,25,77,3,25,77;
16,3,12,63,100,12,63,100,12,63,100;
13,3,15,48,104,15,48,104,15,48,104;
33,4,8,58,106,8,58,106,8,58,106;
13,4,13,47,110,13,47,110,13,47,110;
11,3,16,61,107,16,61,107,16,61,107;
15,3,19,64,114,19,64,114,19,64,114;
11,4,6,28,73,6,28,73,6,28,73;
15,5,1,23,56,1,23,56,1,23,56;
14,4,3,27,60,3,27,60,3,27,60;
31,14,5,52,116,5,52,116,5,52,116;
4,3,54,104,163,54,104,163,54,104,163;
16,4,1,16,44,1,16,44,1,16,44;
13,3,17,69,110,17,69,110,17,69,110;
11,3,65,114,179,65,114,179,65,114,179;
11,2,25,49,69,25,49,69,25,49,69;
13,2,55,117,172,55,117,172,55,117,172;
15,3,12,66,109,12,66,109,12,66,109;
29,4,6,54,108,6,54,108,6,54,108;
11,2,43,78,112,43,78,112,43,78,112;
11,3,31,70,119,31,70,119,31,70,119;
12,2,36,74,106,36,74,106,36,74,106;
16,4,3,25,57,3,25,57,3,25,57;
24,4,1,33,68,1,33,68,1,33,68;
24,4,2,34,68,2,34,68,2,34,68;
23,4,3,36,94,3,36,94,3,36,94;
14,4,16,78,106,16,78,106,16,78,106;
12,3,31,84,105,31,84,105,31,84,105;
10,3,29,80,107,29,80,107,29,80,107;
12,4,13,67,103,13,67,103,13,67,103;
12,4,7,29,73,7,29,73,7,29,73;
9,3,24,55,93,24,55,93,24,55,93;
12,3,26,58,105,26,58,105,26,58,105;
15,5,2,26,69,2,26,69,2,26,69;
30,4,1,49,106,1,49,106,1,49,106;
9,3,25,45,78,25,45,78,25,45,78;
23,4,7,54,104,7,54,104,7,54,104;
11,2,37,94,124,37,94,124,37,94,124;
31,4,2,36,97,2,36,97,2,36,97;
12,4,15,47,94,15,47,94,15,47,94;
16,3,19,72,113,19,72,113,19,72,113;
15,5,1,25,70,1,25,70,1,25,70;
18,4,22,69,107,22,69,107,22,69,107;
32,4,2,45,111,2,45,111,2,45,111;
11,3,35,71,99,35,71,99,35,71,99;
8,4,29,75,105,29,75,105,29,75,105;
12,4,21,69,104,21,69,104,21,69,104;
13,4,6,28,80,6,28,80,6,28,80;
10,2,37,68,106,37,68,106,37,68,106;
14,3,17,55,89,17,55,89,17,55,89;
31,3,6,60,124,6,60,124,6,60,124;
12,4,24,57,88,24,57,88,24,57,88;
11,2,49,108,164,49,108,164,49,108,164;
9,3,26,77,102,26,77,102,26,77,102;
15,2,29,95,159,29,95,159,29,95,159;
11,3,27,71,91,27,71,91,27,71,91;
10,2,24,66,98,24,66,98,24,66,98;
11,1,53,97,143,53,97,143,53,97,143;
11,4,6,27,71,6,27,71,6,27,71;
13,4,29,79,121,29,79,121,29,79,121;
11,2,65,117,172,65,117,172,65,117,172;
10,3,5,27,57,5,27,57,5,27,57;
13,2,39,107,166,39,107,166,39,107,166;
11,2,49,119,169,49,119,169,49,119,169;
8,1,65,87,105,65,87,105,65,87,105;
28,3,7,92,188,7,92,188,7,92,188;
22,3,4,58,114,4,58,114,4,58,114;
13,0,1,8,23,1,8,23,1,8,23;
16,5,2,21,58,2,21,58,2,21,58;
17,5,2,18,63,2,18,63,2,18,63;
19,5,3,24,71,3,24,71,3,24,71;
9,1,1,11,30,1,11,30,1,11,30;
24,4,1,44,103,1,44,103,1,44,103;
25,5,3,50,102,3,50,102,3,50,102;
25,5,4,47,102,4,47,102,4,47,102;
11,3,9,41,76,9,41,76,9,41,76;
30,5,2,46,110,2,46,110,2,46,110;
10,3,18,51,89,18,51,89,18,51,89;
17,3,24,65,106,24,65,106,24,65,106;
13,5,1,24,86,1,24,86,1,24,86;
10,2,19,64,100,19,64,100,19,64,100;
17,3,21,70,115,21,70,115,21,70,115;
12,4,1,11,33,1,11,33,1,11,33;
10,3,46,71,103,46,71,103,46,71,103;
9,2,28,67,95,28,67,95,28,67,95;
14,2,25,77,127,25,77,127,25,77,127;
35,7,1,45,123,1,45,123,1,45,123;
23,5,23,75,129,23,75,129,23,75,129;
14,2,20,59,98,20,59,98,20,59,98;
30,4,1,51,111,1,51,111,1,51,111;
10,2,55,79,107,55,79,107,55,79,107;
13,2,32,68,102,32,68,102,32,68,102;
12,3,23,73,114,23,73,114,23,73,114;
11,4,2,20,53,2,20,53,2,20,53;
14,4,17,55,104,17,55,104,17,55,104;
12,3,19,51,90,19,51,90,19,51,90;
11,3,42,86,116,42,86,116,42,86,116;
11,2,29,77,105,29,77,105,29,77,105;
10,3,47,76,104,47,76,104,47,76,104;
18,17,10,80,178,10,80,178,10,80,178;
4,3,50,75,137,50,75,137,50,75,137;
33,4,2,53,124,2,53,124,2,53,124;
15,3,6,60,118,6,60,118,6,60,118;
14,3,12,54,91,12,54,91,12,54,91;
12,3,23,66,94,23,66,94,23,66,94;
11,2,31,65,93,31,65,93,31,65,93;
8,3,32,47,74,32,47,74,32,47,74;
11,4,17,47,97,17,47,97,17,47,97;
12,4,11,39,73,11,39,73,11,39,73;
27,4,8,59,101,8,59,101,8,59,101;
10,4,15,36,68,15,36,68,15,36,68;
10,2,39,76,104,39,76,104,39,76,104;
22,4,10,64,125,10,64,125,10,64,125;
15,3,5,54,106,5,54,106,5,54,106;
10,3,12,46,74,12,46,74,12,46,74;
10,3,15,34,54,15,34,54,15,34,54;
17,3,20,76,113,20,76,113,20,76,113;
9,2,37,67,104,37,67,104,37,67,104;
9,3,29,73,112,29,73,112,29,73,112;
16,5,2,19,58,2,19,58,2,19,58;
10,3,32,67,108,32,67,108,32,67,108;
13,3,16,59,99,16,59,99,16,59,99;
14,3,7,52,95,7,52,95,7,52,95;
13,1,1,13,36,1,13,36,1,13,36;
18,4,3,20,47,3,20,47,3,20,47;
9,2,46,78,109,46,78,109,46,78,109;
10,2,34,71,97,34,71,97,34,71,97;
12,2,39,75,108,39,75,108,39,75,108;
12,2,30,70,120,30,70,120,30,70,120;
12,6,1,20,59,1,20,59,1,20,59;
12,6,1,13,37,1,13,37,1,13,37;
9,5,2,58,124,2,58,124,2,58,124;
19,5,4,24,68,4,24,68,4,24,68;
11,4,19,54,92,19,54,92,19,54,92;
10,3,20,54,90,20,54,90,20,54,90;
11,3,40,76,103,40,76,103,40,76,103;
25,4,1,76,123,1,76,123,1,76,123;
26,4,7,82,121,7,82,121,7,82,121;
12,4,12,35,66,12,35,66,12,35,66;
6,2,60,112,169,60,112,169,60,112,169;
12,5,1,15,51,1,15,51,1,15,51;
8,3,1,33,77,1,33,77,1,33,77;
13,3,38,94,136,38,94,136,38,94,136;
30,4,1,78,168,1,78,168,1,78,168;
26,4,3,59,106,3,59,106,3,59,106;
37,15,2,47,99,2,47,99,2,47,99;
15,2,35,115,173,35,115,173,35,115,173;
14,3,36,102,171,36,102,171,36,102,171;
11,3,7,29,61,7,29,61,7,29,61;
10,3,9,37,71,9,37,71,9,37,71;
31,5,1,71,115,1,71,115,1,71,115;
25,5,5,69,119,5,69,119,5,69,119;
10,3,18,41,78,18,41,78,18,41,78;
27,3,3,48,97,3,48,97,3,48,97;
10,3,17,45,85,17,45,85,17,45,85;
23,3,8,62,104,8,62,104,8,62,104;
10,3,18,70,103,18,70,103,18,70,103;
9,3,16,60,86,16,60,86,16,60,86;
13,3,7,36,71,7,36,71,7,36,71;
9,2,26,53,78,26,53,78,26,53,78;
9,2,35,61,85,35,61,85,35,61,85;
18,3,27,78,112,27,78,112,27,78,112;
10,2,30,55,79,30,55,79,30,55,79;
14,3,15,64,112,15,64,112,15,64,112;
21,3,29,73,108,29,73,108,29,73,108;
14,2,26,59,91,26,59,91,26,59,91;
11,2,24,71,104,24,71,104,24,71,104;
12,2,27,62,94,27,62,94,27,62,94;
11,2,29,49,72,29,49,72,29,49,72;
11,2,72,137,171,72,137,171,72,137,171;
19,4,29,53,72,29,53,72,29,53,72;
10,6,1,15,57,1,15,57,1,15,57;
11,3,32,68,101,32,68,101,32,68,101;
11,1,1,13,38,1,13,38,1,13,38;
11,3,28,65,129,28,65,129,28,65,129;
12,1,65,126,175,65,126,175,65,126,175;
10,5,2,13,38,2,13,38,2,13,38;
15,4,6,22,46,6,22,46,6,22,46;
11,3,8,30,64,8,30,64,8,30,64;
13,2,42,116,167,42,116,167,42,116,167;
10,4,14,51,86,14,51,86,14,51,86;
10,5,2,16,46,2,16,46,2,16,46;
15,5,4,25,71,4,25,71,4,25,71;
14,3,35,88,128,35,88,128,35,88,128;
9,3,2,42,102,2,42,102,2,42,102;
9,4,3,59,112,3,59,112,3,59,112;
26,3,1,73,112,1,73,112,1,73,112;
17,4,5,72,123,5,72,123,5,72,123;
9,4,13,33,60,13,33,60,13,33,60;
34,3,1,30,81,1,30,81,1,30,81;
31,4,1,46,97,1,46,97,1,46,97;
28,14,14,69,152,14,69,152,14,69,152;
8,2,38,68,94,38,68,94,38,68,94;
9,3,23,59,92,23,59,92,23,59,92;
9,3,19,42,75,19,42,75,19,42,75;
10,3,13,38,69,13,38,69,13,38,69;
25,3,4,60,97,4,60,97,4,60,97;
27,5,2,38,81,2,38,81,2,38,81;
16,5,1,20,59,1,20,59,1,20,59;
19,3,9,58,116,9,58,116,9,58,116;
23,3,8,62,97,8,62,97,8,62,97;
9,2,32,68,94,32,68,94,32,68,94;
8,2,35,67,94,35,67,94,35,67,94;
13,3,27,71,104,27,71,104,27,71,104;
16,2,13,72,107,13,72,107,13,72,107;
14,2,6,31,61,6,31,61,6,31,61;
26,5,1,40,88,1,40,88,1,40,88;
10,2,26,58,76,26,58,76,26,58,76;
11,3,26,53,86,26,53,86,26,53,86;
13,2,22,69,107,22,69,107,22,69,107;
17,5,2,25,69,2,25,69,2,25,69;
11,3,26,63,103,26,63,103,26,63,103;
10,2,39,72,106,39,72,106,39,72,106;
12,2,24,59,81,24,59,81,24,59,81;
10,3,74,106,133,74,106,133,74,106,133;
9,2,21,42,77,21,42,77,21,42,77;
25,5,1,30,75,1,30,75,1,30,75;
10,2,39,58,77,39,58,77,39,58,77;
10,4,26,48,73,26,48,73,26,48,73;
11,2,61,108,163,61,108,163,61,108,163;
12,3,21,57,93,21,57,93,21,57,93;
14,2,43,112,172,43,112,172,43,112,172;
11,4,4,22,56,4,22,56,4,22,56;
13,4,5,42,80,5,42,80,5,42,80;
13,3,18,72,118,18,72,118,18,72,118;
10,4,3,19,53,3,19,53,3,19,53;
11,5,1,10,30,1,10,30,1,10,30;
11,3,15,35,63,15,35,63,15,35,63;
11,3,21,56,87,21,56,87,21,56,87;
11,3,15,38,68,15,38,68,15,38,68;
13,5,12,39,106,12,39,106,12,39,106;
18,3,9,54,121,9,54,121,9,54,121;
10,2,21,61,100,21,61,100,21,61,100;
10,3,36,66,107,36,66,107,36,66,107;
23,3,5,44,74,5,44,74,5,44,74;
24,3,3,41,73,3,41,73,3,41,73;
8,4,4,32,69,4,32,69,4,32,69;
10,3,23,58,93,23,58,93,23,58,93;
12,3,18,72,112,18,72,112,18,72,112;
13,3,22,70,112,22,70,112,22,70,112;
16,3,18,76,116,18,76,116,18,76,116;
13,2,8,46,93,8,46,93,8,46,93;
19,4,5,44,75,5,44,75,5,44,75;
11,2,31,67,99,31,67,99,31,67,99;
11,3,18,57,100,18,57,100,18,57,100;
17,5,1,17,62,1,17,62,1,17,62;
11,1,33,58,91,33,58,91,33,58,91;
12,3,13,52,92,13,52,92,13,52,92;
17,5,1,12,47,1,12,47,1,12,47;
10,3,28,63,120,28,63,120,28,63,120;
10,2,37,67,98,37,67,98,37,67,98;
28,4,1,36,91,1,36,91,1,36,91;
12,2,13,68,105,13,68,105,13,68,105;
17,5,1,20,63,1,20,63,1,20,63;
13,3,10,59,97,10,59,97,10,59,97;
9,3,17,49,74,17,49,74,17,49,74;
11,3,9,40,82,9,40,82,9,40,82;
28,5,1,28,80,1,28,80,1,28,80;
15,3,20,54,103,20,54,103,20,54,103;
14,4,17,56,96,17,56,96,17,56,96;
23,4,3,25,65,3,25,65,3,25,65;
16,3,18,95,158,18,95,158,18,95,158;
12,4,18,44,72,18,44,72,18,44,72;
12,3,24,66,97,24,66,97,24,66,97;
13,3,9,44,78,9,44,78,9,44,78;
14,4,3,28,85,3,28,85,3,28,85;
13,3,16,49,75,16,49,75,16,49,75;
13,4,12,63,107,12,63,107,12,63,107;
13,3,17,77,118,17,77,118,17,77,118;
13,3,10,38,66,10,38,66,10,38,66;
14,5,3,17,58,3,17,58,3,17,58;
25,4,3,34,79,3,34,79,3,34,79;
17,4,12,44,104,12,44,104,12,44,104;
13,3,28,77,114,28,77,114,28,77,114;
13,3,10,59,104,10,59,104,10,59,104;
16,4,13,70,107,13,70,107,13,70,107;
12,3,7,45,91,7,45,91,7,45,91;
13,3,9,41,79,9,41,79,9,41,79;
21,4,2,44,80,2,44,80,2,44,80;
25,4,2,42,79,2,42,79,2,42,79;
18,4,13,60,109,13,60,109,13,60,109;
13,2,37,104,157,37,104,157,37,104,157;
11,4,22,63,101,22,63,101,22,63,101;
11,3,16,64,101,16,64,101,16,64,101;
4,3,3,6,17,3,6,17,3,6,17;
20,5,6,41,84,6,41,84,6,41,84;
14,3,36,66,96,36,66,96,36,66,96;
9,4,1,25,63,1,25,63,1,25,63;
9,3,55,96,135,55,96,135,55,96,135;
12,4,30,66,97,30,66,97,30,66,97;
20,4,13,69,138,13,69,138,13,69,138;
13,3,13,64,113,13,64,113,13,64,113;
14,3,25,73,108,25,73,108,25,73,108;
10,2,18,77,134,18,77,134,18,77,134;
20,7,1,22,70,1,22,70,1,22,70;
19,5,1,11,35,1,11,35,1,11,35;
16,3,15,63,123,15,63,123,15,63,123;
12,3,16,48,91,16,48,91,16,48,91;
13,4,17,64,105,17,64,105,17,64,105;
29,5,1,26,92,1,26,92,1,26,92;
16,4,6,45,91,6,45,91,6,45,91;
11,3,28,68,97,28,68,97,28,68,97;
12,4,10,35,59,10,35,59,10,35,59;
14,3,14,45,70,14,45,70,14,45,70;
12,2,9,34,63,9,34,63,9,34,63;
12,4,8,38,76,8,38,76,8,38,76;
13,3,15,42,80,15,42,80,15,42,80;
14,4,4,20,48,4,20,48,4,20,48;
20,5,1,19,60,1,19,60,1,19,60;
12,4,10,33,73,10,33,73,10,33,73;
13,3,14,67,104,14,67,104,14,67,104;
14,3,12,70,128,12,70,128,12,70,128;
17,4,8,77,130,8,77,130,8,77,130;
14,3,18,71,113,18,71,113,18,71,113;
14,3,9,30,56,9,30,56,9,30,56;
12,4,7,39,81,7,39,81,7,39,81;
29,5,1,25,76,1,25,76,1,25,76;
11,3,16,57,88,16,57,88,16,57,88;
22,4,5,49,106,5,49,106,5,49,106;
16,4,3,45,100,3,45,100,3,45,100;
14,2,39,107,180,39,107,180,39,107,180;
14,3,14,46,83,14,46,83,14,46,83;
15,5,1,16,56,1,16,56,1,16,56;
16,4,6,53,103,6,53,103,6,53,103;
10,4,23,53,92,23,53,92,23,53,92;
26,5,2,47,112,2,47,112,2,47,112;
8,4,4,29,73,4,29,73,4,29,73;
16,5,2,23,65,2,23,65,2,23,65;
16,3,55,96,154,55,96,154,55,96,154;
24,5,1,24,70,1,24,70,1,24,70;
17,5,1,42,93,1,42,93,1,42,93;
10,4,20,65,108,20,65,108,20,65,108;
15,3,16,77,117,16,77,117,16,77,117;
17,4,5,42,104,5,42,104,5,42,104;
14,4,8,31,67,8,31,67,8,31,67;
14,6,2,22,64,2,22,64,2,22,64;
34,13,6,34,86,6,34,86,6,34,86;
4,2,1,2,8,1,2,8,1,2,8;
23,5,10,98,177,10,98,177,10,98,177;
18,4,15,63,114,15,63,114,15,63,114;
15,5,1,25,69,1,25,69,1,25,69;
13,3,9,61,103,9,61,103,9,61,103;
14,3,28,70,123,28,70,123,28,70,123;
14,5,14,43,73,14,43,73,14,43,73;
14,4,8,44,77,8,44,77,8,44,77;
13,5,1,25,74,1,25,74,1,25,74;
15,4,12,43,89,12,43,89,12,43,89;
14,4,9,38,88,9,38,88,9,38,88;
13,3,15,64,100,15,64,100,15,64,100;
20,5,2,27,79,2,27,79,2,27,79;
16,4,12,65,103,12,65,103,12,65,103;
14,3,12,53,86,12,53,86,12,53,86;
13,3,36,92,126,36,92,126,36,92,126;
14,3,31,77,115,31,77,115,31,77,115;
16,4,24,82,117,24,82,117,24,82,117;
13,4,17,68,119,17,68,119,17,68,119;
15,4,6,30,69,6,30,69,6,30,69;
33,5,1,42,105,1,42,105,1,42,105;
16,4,22,76,125,22,76,125,22,76,125;
11,3,9,58,86,9,58,86,9,58,86;
18,4,12,50,106,12,50,106,12,50,106;
15,3,18,62,112,18,62,112,18,62,112;
15,4,3,19,56,3,19,56,3,19,56;
23,5,2,19,66,2,19,66,2,19,66;
22,4,8,72,136,8,72,136,8,72,136;
15,3,19,45,75,19,45,75,19,45,75;
16,3,16,103,172,16,103,172,16,103,172;
13,4,13,68,116,13,68,116,13,68,116;
30,5,5,51,87,5,51,87,5,51,87;
27,5,2,50,101,2,50,101,2,50,101;
1,0,2,39,88,2,39,88,2,39,88;
11,3,18,60,102,18,60,102,18,60,102;
22,5,2,19,63,2,19,63,2,19,63;
16,4,25,75,133,25,75,133,25,75,133;
16,4,14,44,77,14,44,77,14,44,77;
12,4,43,84,136,43,84,136,43,84,136;
31,5,1,38,87,1,38,87,1,38,87;
21,4,3,27,77,3,27,77,3,27,77;
10,4,8,39,86,8,39,86,8,39,86;
14,4,7,42,71,7,42,71,7,42,71;
19,5,2,34,87,2,34,87,2,34,87;
16,3,10,53,107,10,53,107,10,53,107;
13,3,12,62,98,12,62,98,12,62,98;
15,3,7,49,90,7,49,90,7,49,90;
15,3,5,54,121,5,54,121,5,54,121;
15,4,7,35,69,7,35,69,7,35,69;
11,4,10,44,99,10,44,99,10,44,99;
15,4,9,43,78,9,43,78,9,43,78;
17,4,8,45,77,8,45,77,8,45,77;
19,5,5,33,73,5,33,73,5,33,73;
14,4,5,38,73,5,38,73,5,38,73;
22,5,1,17,57,1,17,57,1,17,57;
17,3,13,72,124,13,72,124,13,72,124;
13,4,1,29,72,1,29,72,1,29,72;
20,5,6,39,100,6,39,100,6,39,100;
16,4,12,64,121,12,64,121,12,64,121;
11,4,7,29,69,7,29,69,7,29,69;
17,5,5,44,95,5,44,95,5,44,95;
22,5,1,15,49,1,15,49,1,15,49;
18,4,1,29,79,1,29,79,1,29,79;
15,5,8,37,75,8,37,75,8,37,75;
17,3,8,67,117,8,67,117,8,67,117;
22,5,5,37,77,5,37,77,5,37,77;
5,4,1,5,16,1,5,16,1,5,16;
13,5,1,19,68,1,19,68,1,19,68;
33,5,3,50,157,3,50,157,3,50,157;
21,4,9,45,106,9,45,106,9,45,106;
16,3,27,73,122,27,73,122,27,73,122;
14,4,9,38,90,9,38,90,9,38,90;
19,8,2,26,76,2,26,76,2,26,76;
15,7,3,30,133,3,30,133,3,30,133;
23,5,3,24,74,3,24,74,3,24,74;
14,4,15,63,108,15,63,108,15,63,108;
12,4,21,56,100,21,56,100,21,56,100;
25,5,2,58,114,2,58,114,2,58,114;
31,5,1,29,82,1,29,82,1,29,82;
17,3,26,108,185,26,108,185,26,108,185;
20,4,4,58,132,4,58,132,4,58,132;
10,3,26,58,88,26,58,88,26,58,88;
12,6,2,22,56,2,22,56,2,22,56;
16,5,3,36,82,3,36,82,3,36,82;
5,3,1,7,20,1,7,20,1,7,20;
21,2,24,95,158,24,95,158,24,95,158;
24,5,1,28,82,1,28,82,1,28,82;
16,3,9,67,125,9,67,125,9,67,125;
18,4,5,29,69,5,29,69,5,29,69;
27,6,1,29,73,1,29,73,1,29,73;
11,5,6,36,77,6,36,77,6,36,77;
17,3,9,45,74,9,45,74,9,45,74;
30,6,1,22,66,1,22,66,1,22,66;
6,5,2,15,42,2,15,42,2,15,42;
19,3,4,78,127,4,78,127,4,78,127;
15,4,5,24,73,5,24,73,5,24,73;
18,4,3,24,60,3,24,60,3,24,60;
19,4,7,40,78,7,40,78,7,40,78;
24,4,7,43,100,7,43,100,7,43,100;
19,4,3,26,74,3,26,74,3,26,74;
4,3,1,2,8,1,2,8,1,2,8;
17,5,9,33,91,9,33,91,9,33,91;
16,5,3,29,67,3,29,67,3,29,67;
16,5,1,13,40,1,13,40,1,13,40;
14,4,2,31,82,2,31,82,2,31,82;
16,5,1,29,74,1,29,74,1,29,74;
27,6,1,26,75,1,26,75,1,26,75;
20,2,14,60,95,14,60,95,14,60,95;
26,6,1,15,69,1,15,69,1,15,69;
11,4,4,21,53,4,21,53,4,21,53;
19,5,4,41,91,4,41,91,4,41,91;
14,5,1,19,51,1,19,51,1,19,51;
7,4,8,22,56,8,22,56,8,22,56;
24,6,1,30,78,1,30,78,1,30,78;
25,4,13,89,162,13,89,162,13,89,162;
23,5,2,27,74,2,27,74,2,27,74;
10,5,5,34,69,5,34,69,5,34,69;
21,3,13,65,135,13,65,135,13,65,135;
6,2,1,2,6,1,2,6,1,2,6;
17,5,1,34,87,1,34,87,1,34,87;
14,5,4,28,67,4,28,67,4,28,67;
23,4,14,75,131,14,75,131,14,75,131;
23,3,18,57,106,18,57,106,18,57,106;
20,6,1,16,62,1,16,62,1,16,62;
23,4,9,53,104,9,53,104,9,53,104;
5,4,2,7,16,2,7,16,2,7,16;
17,5,1,24,62,1,24,62,1,24,62;
11,5,5,28,58,5,28,58,5,28,58;
13,5,4,23,55,4,23,55,4,23,55;
17,4,3,36,75,3,36,75,3,36,75;
23,5,7,36,78,7,36,78,7,36,78;
23,3,7,56,102,7,56,102,7,56,102;
8,3,15,35,60,15,35,60,15,35,60;
22,5,3,49,99,3,49,99,3,49,99;
8,3,4,11,25,4,11,25,4,11,25;
16,4,3,32,78,3,32,78,3,32,78;
25,4,6,55,104,6,55,104,6,55,104;
12,4,2,21,45,2,21,45,2,21,45;
23,4,4,62,122,4,62,122,4,62,122;
24,5,4,57,109,4,57,109,4,57,109;
24,5,1,51,110,1,51,110,1,51,110;
0,0,1,23,78,1,23,78,1,23,78;
17,6,1,19,60,1,19,60,1,19,60;
20,6,2,24,64,2,24,64,2,24,64;
20,3,36,96,153,36,96,153,36,96,153;
24,5,1,25,69,1,25,69,1,25,69;
17,5,1,25,78,1,25,78,1,25,78;
25,4,4,58,116,4,58,116,4,58,116;
27,3,2,48,133,2,48,133,2,48,133;
14,6,1,21,62,1,21,62,1,21,62;
19,5,1,19,63,1,19,63,1,19,63;
13,5,1,26,84,1,26,84,1,26,84;
25,4,4,67,134,4,67,134,4,67,134;
12,5,1,20,66,1,20,66,1,20,66;
26,6,4,34,86,4,34,86,4,34,86;
7,5,2,12,37,2,12,37,2,12,37;
21,5,3,26,73,3,26,73,3,26,73;
23,4,8,60,108,8,60,108,8,60,108;
21,5,2,27,80,2,27,80,2,27,80;
10,5,6,28,71,6,28,71,6,28,71;
25,5,1,21,59,1,21,59,1,21,59;
27,4,5,61,134,5,61,134,5,61,134;
13,6,2,21,75,2,21,75,2,21,75;
27,4,10,58,104,10,58,104,10,58,104;
26,4,11,52,107,11,52,107,11,52,107;
5,5,3,12,36,3,12,36,3,12,36;
28,3,15,59,99,15,59,99,15,59,99;
7,3,1,3,14,1,3,14,1,3,14;
18,5,1,27,78,1,27,78,1,27,78;
30,5,1,17,67,1,17,67,1,17,67;
19,5,3,34,79,3,34,79,3,34,79;
13,4,6,42,80,6,42,80,6,42,80;
12,4,10,38,75,10,38,75,10,38,75;
23,5,2,44,97,2,44,97,2,44,97;
29,4,4,53,124,4,53,124,4,53,124;
24,4,3,40,103,3,40,103,3,40,103;
35,10,2,26,88,2,26,88,2,26,88;
9,4,4,47,83,4,47,83,4,47,83;
5,4,18,34,65,18,34,65,18,34,65;
12,4,13,45,88,13,45,88,13,45,88;
9,6,1,12,33,1,12,33,1,12,33;
13,5,2,49,95,2,49,95,2,49,95;
7,4,2,9,29,2,9,29,2,9,29;
36,18,1,30,108,1,30,108,1,30,108;
26,3,3,54,114,3,54,114,3,54,114;
23,6,1,35,76,1,35,76,1,35,76;
7,5,1,11,37,1,11,37,1,11,37;
10,5,1,13,39,1,13,39,1,13,39;
29,4,1,37,75,1,37,75,1,37,75;
25,4,6,60,129,6,60,129,6,60,129;
27,6,1,70,145,1,70,145,1,70,145;
15,5,1,23,76,1,23,76,1,23,76;
29,4,1,33,87,1,33,87,1,33,87;
21,6,1,21,51,1,21,51,1,21,51;
18,7,1,14,55,1,14,55,1,14,55;
5,5,1,14,39,1,14,39,1,14,39;
17,5,1,21,59,1,21,59,1,21,59;
0,0,1,10,45,1,10,45,1,10,45;
28,5,1,63,111,1,63,111,1,63,111;
26,5,1,22,63,1,22,63,1,22,63;
22,4,8,54,107,8,54,107,8,54,107;
13,6,1,25,86,1,25,86,1,25,86;
13,7,1,17,67,1,17,67,1,17,67;
21,6,1,17,51,1,17,51,1,17,51;
31,6,5,53,173,5,53,173,5,53,173;
26,7,1,30,142,1,30,142,1,30,142;
29,4,1,54,122,1,54,122,1,54,122;
11,7,1,18,63,1,18,63,1,18,63;
22,4,4,57,112,4,57,112,4,57,112;
5,4,1,12,40,1,12,40,1,12,40;
11,4,1,24,66,1,24,66,1,24,66;
28,4,5,58,121,5,58,121,5,58,121;
19,6,2,20,60,2,20,60,2,20,60;
28,4,11,55,103,11,55,103,11,55,103;
16,5,1,23,73,1,23,73,1,23,73;
6,5,1,30,67,1,30,67,1,30,67;
27,5,1,18,70,1,18,70,1,18,70;
19,5,2,33,74,2,33,74,2,33,74;
22,4,23,66,112,23,66,112,23,66,112;
7,4,4,20,40,4,20,40,4,20,40;
14,9,3,22,52,3,22,52,3,22,52;
27,3,25,85,151,25,85,151,25,85,151;
11,5,8,35,77,8,35,77,8,35,77;
9,5,5,22,59,5,22,59,5,22,59;
7,3,1,4,15,1,4,15,1,4,15;
35,17,1,25,104,1,25,104,1,25,104;
6,5,1,18,54,1,18,54,1,18,54;
23,5,3,28,80,3,28,80,3,28,80;
32,6,1,31,73,1,31,73,1,31,73;
23,5,1,36,83,1,36,83,1,36,83;
26,5,2,41,102,2,41,102,2,41,102;
32,4,5,65,130,5,65,130,5,65,130;
17,5,1,23,75,1,23,75,1,23,75;
18,6,1,15,68,1,15,68,1,15,68;
24,4,4,73,124,4,73,124,4,73,124;
5,4,1,2,8,1,2,8,1,2,8;
3,3,5,24,48,5,24,48,5,24,48;
27,5,1,36,97,1,36,97,1,36,97;
26,5,5,56,118,5,56,118,5,56,118;
14,5,1,16,48,1,16,48,1,16,48;
11,6,1,15,42,1,15,42,1,15,42;
28,11,1,17,51,1,17,51,1,17,51;
7,5,1,8,33,1,8,33,1,8,33;
26,4,6,93,154,6,93,154,6,93,154;
17,9,1,18,60,1,18,60,1,18,60;
13,6,2,23,58,2,23,58,2,23,58;
35,4,1,85,180,1,85,180,1,85,180;
47,9,1,16,72,1,16,72,1,16,72;
26,4,2,39,78,2,39,78,2,39,78;
23,4,20,63,108,20,63,108,20,63,108;
10,7,1,21,52,1,21,52,1,21,52;
27,6,1,21,58,1,21,58,1,21,58;
18,5,3,31,77,3,31,77,3,31,77;
35,6,1,57,132,1,57,132,1,57,132;
15,5,5,37,75,5,37,75,5,37,75;
15,6,2,19,52,2,19,52,2,19,52;
17,11,1,11,47,1,11,47,1,11,47;
1,0,1,59,135,1,59,135,1,59,135;
18,4,6,34,68,6,34,68,6,34,68;
13,5,1,13,50,1,13,50,1,13,50;
36,3,1,75,171,1,75,171,1,75,171;
11,7,1,15,53,1,15,53,1,15,53;
30,11,1,29,89,1,29,89,1,29,89;
19,4,1,101,176,1,101,176,1,101,176;
29,4,2,64,130,2,64,130,2,64,130;
10,7,1,17,66,1,17,66,1,17,66;
17,6,4,25,74,4,25,74,4,25,74;
10,6,1,10,42,1,10,42,1,10,42;
33,4,2,83,153,2,83,153,2,83,153;
28,5,6,43,101,6,43,101,6,43,101;
14,5,7,29,67,7,29,67,7,29,67;
13,5,2,22,58,2,22,58,2,22,58;
27,5,4,52,111,4,52,111,4,52,111;
20,5,1,76,117,1,76,117,1,76,117;
7,3,1,4,14,1,4,14,1,4,14;
20,5,3,21,49,3,21,49,3,21,49;
15,4,5,31,67,5,31,67,5,31,67;
34,4,1,19,66,1,19,66,1,19,66;
6,4,2,29,71,2,29,71,2,29,71;
23,5,11,29,71,11,29,71,11,29,71;
29,4,8,54,119,8,54,119,8,54,119;
23,4,1,44,90,1,44,90,1,44,90;
16,4,2,30,83,2,30,83,2,30,83;
17,5,2,29,75,2,29,75,2,29,75;
19,5,1,68,121,1,68,121,1,68,121;
28,4,2,50,111,2,50,111,2,50,111;
17,5,1,18,68,1,18,68,1,18,68;
13,6,2,23,67,2,23,67,2,23,67;
27,4,3,42,101,3,42,101,3,42,101;
10,1,2,13,34,2,13,34,2,13,34;
15,5,1,12,43,1,12,43,1,12,43;
24,4,6,98,190,6,98,190,6,98,190;
15,5,3,20,59,3,20,59,3,20,59;
30,17,5,38,103,5,38,103,5,38,103;
34,8,1,41,112,1,41,112,1,41,112;
23,5,2,27,55,2,27,55,2,27,55;
31,5,2,57,111,2,57,111,2,57,111;
38,20,1,29,109,1,29,109,1,29,109;
23,5,3,32,81,3,32,81,3,32,81;
13,5,1,22,69,1,22,69,1,22,69;
33,16,1,45,129,1,45,129,1,45,129;
30,4,3,58,105,3,58,105,3,58,105;
27,4,5,51,118,5,51,118,5,51,118;
18,4,3,28,89,3,28,89,3,28,89;
17,4,1,19,53,1,19,53,1,19,53;
28,5,2,49,106,2,49,106,2,49,106;
17,5,1,21,68,1,21,68,1,21,68;
25,4,2,44,106,2,44,106,2,44,106;
23,4,5,79,126,5,79,126,5,79,126;
14,5,4,24,60,4,24,60,4,24,60;
11,4,3,17,58,3,17,58,3,17,58;
10,7,1,8,37,1,8,37,1,8,37;
32,4,1,20,53,1,20,53,1,20,53;
21,2,1,17,50,1,17,50,1,17,50;
7,4,2,25,65,2,25,65,2,25,65;
24,6,2,23,66,2,23,66,2,23,66;
9,5,1,12,42,1,12,42,1,12,42;
24,7,1,21,53,1,21,53,1,21,53;
27,5,1,18,71,1,18,71,1,18,71;
24,4,4,31,61,4,31,61,4,31,61;
8,4,5,47,91,5,47,91,5,47,91;
21,8,1,23,65,1,23,65,1,23,65;
22,6,1,21,53,1,21,53,1,21,53;
21,5,1,33,79,1,33,79,1,33,79;
31,9,3,31,74,3,31,74,3,31,74;
16,5,1,18,54,1,18,54,1,18,54;
29,4,1,54,108,1,54,108,1,54,108;
15,4,3,17,46,3,17,46,3,17,46;
25,4,4,45,88,4,45,88,4,45,88;
16,4,3,18,51,3,18,51,3,18,51;
16,8,1,25,78,1,25,78,1,25,78;
25,4,3,50,93,3,50,93,3,50,93;
19,4,3,29,80,3,29,80,3,29,80;
23,4,2,69,114,2,69,114,2,69,114;
16,5,1,15,49,1,15,49,1,15,49;
21,4,6,47,89,6,47,89,6,47,89;
17,5,1,21,59,1,21,59,1,21,59;
26,12,4,63,119,4,63,119,4,63,119;
15,4,6,26,69,6,26,69,6,26,69;
15,3,1,12,31,1,12,31,1,12,31;
24,12,1,11,68,1,11,68,1,11,68;
24,9,1,32,85,1,32,85,1,32,85;
23,5,1,22,65,1,22,65,1,22,65;
27,5,1,21,60,1,21,60,1,21,60;
34,16,1,52,128,1,52,128,1,52,128;
27,4,1,36,81,1,36,81,1,36,81;
28,3,4,71,116,4,71,116,4,71,116;
28,4,1,25,64,1,25,64,1,25,64;
26,5,3,55,117,3,55,117,3,55,117;
21,4,6,55,103,6,55,103,6,55,103;
25,4,6,55,86,6,55,86,6,55,86;
19,5,4,30,72,4,30,72,4,30,72;
22,5,3,29,72,3,29,72,3,29,72;
21,4,1,28,66,1,28,66,1,28,66;
24,4,4,43,77,4,43,77,4,43,77;
18,4,3,36,78,3,36,78,3,36,78;
20,4,4,72,126,4,72,126,4,72,126;
14,4,1,22,55,1,22,55,1,22,55;
16,4,4,31,61,4,31,61,4,31,61;
17,4,6,31,61,6,31,61,6,31,61;
16,3,3,27,61,3,27,61,3,27,61;
26,15,5,42,113,5,42,113,5,42,113;
16,4,4,23,61,4,23,61,4,23,61;
21,7,1,10,52,1,10,52,1,10,52;
31,9,1,26,76,1,26,76,1,26,76;
22,4,9,78,125,9,78,125,9,78,125;
22,4,10,68,123,10,68,123,10,68,123;
8,5,1,9,36,1,9,36,1,9,36;
24,4,7,44,88,7,44,88,7,44,88;
24,4,6,43,76,6,43,76,6,43,76;
26,4,1,39,70,1,39,70,1,39,70;
41,22,1,26,104,1,26,104,1,26,104;
28,15,5,60,111,5,60,111,5,60,111;
16,3,7,34,73,7,34,73,7,34,73;
27,4,1,35,81,1,35,81,1,35,81;
28,5,1,22,64,1,22,64,1,22,64;
16,5,14,37,76,14,37,76,14,37,76;
28,3,5,75,114,5,75,114,5,75,114;
15,4,5,43,74,5,43,74,5,43,74;
14,4,11,44,75,11,44,75,11,44,75;
17,5,1,31,72,1,31,72,1,31,72;
19,4,3,20,44,3,20,44,3,20,44;
22,5,1,19,43,1,19,43,1,19,43;
23,3,11,70,118,11,70,118,11,70,118;
23,4,4,41,94,4,41,94,4,41,94;
32,15,7,53,104,7,53,104,7,53,104;
17,5,9,37,82,9,37,82,9,37,82;
25,4,7,41,77,7,41,77,7,41,77;
25,4,5,40,72,5,40,72,5,40,72;
15,4,2,26,70,2,26,70,2,26,70;
26,4,1,35,81,1,35,81,1,35,81;
15,5,4,25,68,4,25,68,4,25,68;
17,4,4,26,58,4,26,58,4,26,58;
29,4,3,61,115,3,61,115,3,61,115;
40,4,1,46,109,1,46,109,1,46,109;
9,4,1,21,60,1,21,60,1,21,60;
19,5,3,23,77,3,23,77,3,23,77;
33,4,1,21,48,1,21,48,1,21,48;
25,5,1,20,69,1,20,69,1,20,69;
39,11,1,35,96,1,35,96,1,35,96;
8,5,2,19,46,2,19,46,2,19,46;
21,5,1,14,53,1,14,53,1,14,53;
26,6,1,20,58,1,20,58,1,20,58;
13,5,4,24,50,4,24,50,4,24,50;
20,4,17,67,122,17,67,122,17,67,122;
22,4,1,41,78,1,41,78,1,41,78;
13,5,23,68,118,23,68,118,23,68,118;
24,4,5,54,85,5,54,85,5,54,85;
19,4,3,41,92,3,41,92,3,41,92;
25,4,1,51,87,1,51,87,1,51,87;
14,5,1,15,45,1,15,45,1,15,45;
29,5,1,41,86,1,41,86,1,41,86;
18,6,1,15,49,1,15,49,1,15,49;
31,5,1,64,119,1,64,119,1,64,119;
17,5,1,16,54,1,16,54,1,16,54;
32,5,1,19,57,1,19,57,1,19,57;
31,3,1,28,78,1,28,78,1,28,78;
7,3,2,7,20,2,7,20,2,7,20;
24,5,1,15,48,1,15,48,1,15,48;
7,3,1,6,29,1,6,29,1,6,29;
24,6,1,20,61,1,20,61,1,20,61;
40,5,1,19,63,1,19,63,1,19,63;
24,6,1,16,52,1,16,52,1,16,52;
31,8,1,23,146,1,23,146,1,23,146;
23,4,2,38,85,2,38,85,2,38,85;
15,5,1,20,73,1,20,73,1,20,73;
28,5,1,17,57,1,17,57,1,17,57;
25,4,2,43,85,2,43,85,2,43,85;
12,5,4,30,66,4,30,66,4,30,66;
10,5,1,18,55,1,18,55,1,18,55;
34,7,1,16,53,1,16,53,1,16,53;
40,9,1,15,56,1,15,56,1,15,56;
26,5,1,37,77,1,37,77,1,37,77;
21,5,4,21,54,4,21,54,4,21,54;
25,2,1,16,50,1,16,50,1,16,50;
25,4,1,19,59,1,19,59,1,19,59;
24,4,1,46,92,1,46,92,1,46,92;
24,5,1,31,78,1,31,78,1,31,78;
23,6,3,23,66,3,23,66,3,23,66;
15,4,1,54,102,1,54,102,1,54,102;
22,6,1,25,51,1,25,51,1,25,51;
26,6,1,30,84,1,30,84,1,30,84;
11,5,1,22,60,1,22,60,1,22,60;
36,17,1,38,99,1,38,99,1,38,99;
25,5,1,38,79,1,38,79,1,38,79;
10,3,1,25,79,1,25,79,1,25,79;
14,2,1,25,80,1,25,80,1,25,80;